"b_IVW_MRE","se_IVW_MRE","pval_IVW_MRE","b_Egger","se_Egger","pval_Egger","b_W_Med","se_W_Med","pval_W_Med","b_W_Mod","se_W_Mod","pval_W_Mod","nsnps"
0.000819625778731415,0.000466006747234408,0.0786067042547635,0.00145674759931299,0.00137128027045324,0.288765632499465,0.000659690693813844,0.000816307469915485,0.419010010688895,0.00115895692005392,0.0013197391003095,0.380407167056559,380
