"b_IVW_MRE","se_IVW_MRE","pval_IVW_MRE","b_Egger","se_Egger","pval_Egger","b_W_Med","se_W_Med","pval_W_Med","b_W_Mod","se_W_Mod","pval_W_Mod","nsnps"
0.334549731519472,0.0691142722267275,1.2949308457386e-06,0.392441073279879,0.179968773384522,0.0297356122462513,0.324544538076912,0.0977383114576209,0.000898416217801911,0.310362924384296,0.148402392891215,0.0370609304870535,447
