"b_IVW_MRE","se_IVW_MRE","pval_IVW_MRE","b_Egger","se_Egger","pval_Egger","b_W_Med","se_W_Med","pval_W_Med","b_W_Mod","se_W_Mod","pval_W_Mod","nsnps"
0.106310978194645,0.142926100107822,0.456986706391985,0.333443193504664,0.377563322217343,0.377600895766114,-0.101417087216772,0.257823580835263,0.694054744550286,0.0883390255790228,0.471375699063251,0.851420858215891,481
