"b_IVW_MRE","se_IVW_MRE","pval_IVW_MRE","b_Egger","se_Egger","pval_Egger","b_W_Med","se_W_Med","pval_W_Med","b_W_Mod","se_W_Mod","pval_W_Mod","nsnps"
-1.17646586648487,0.31482790632223,0.000186337173937299,-1.30016323427471,1.06462210805546,0.289050837281839,-1.16441615216551,0.383554884686315,0.00239856469658646,-1.15511838075897,0.429352903447551,0.0432794931833854,6
