"b_IVW_MRE","se_IVW_MRE","pval_IVW_MRE","b_Egger","se_Egger","pval_Egger","b_W_Med","se_W_Med","pval_W_Med","b_W_Mod","se_W_Mod","pval_W_Mod","nsnps"
-2.00857695647054,0.771814578867167,0.00925714662557013,-1.23334930074184,2.57017362883051,0.65638040367039,-1.97236543047764,0.983462044633076,0.0449061132455642,-1.97781981153486,1.21416966784746,0.164252697623036,6
