"b_IVW_MRE","se_IVW_MRE","pval_IVW_MRE","b_Egger","se_Egger","pval_Egger","b_W_Med","se_W_Med","pval_W_Med","b_W_Mod","se_W_Mod","pval_W_Mod","nsnps"
-0.00863119971042421,0.00408558636572844,0.0346352293613158,0.0108208401416868,0.00889874925398289,0.310940152093602,-0.0105440301882095,0.00351299976155329,0.00268712975562909,-0.0117444267878753,0.00589612103673942,0.117197185120132,5
