"GWAS_ID","b_IVW_MRE","se_IVW_MRE","pval_IVW_MRE","b_Egger","se_Egger","pval_Egger","Egger_intercept","pval_intercept","Het_IVW_pval","Het_Egger_pval","b_W_Med","se_W_Med","pval_W_Med","b_W_Mod","se_W_Mod","pval_W_Mod","nsnps"
"met-d-Acetoacetate",0.905063131914545,0.393380538490386,0.0214067929487533,0.312099621231374,1.20222908675215,0.819451229671695,0.0254149432890686,0.647870164835953,0.178369603529382,0.116322834125965,0.549585265905496,0.403507306857021,0.173191382724948,0.486664514805291,0.584873303148143,0.466403448107094,4
