"GWAS_ID","b_IVW_MRE","se_IVW_MRE","pval_IVW_MRE","b_Egger","se_Egger","pval_Egger","Egger_intercept","pval_intercept","Het_IVW_pval","Het_Egger_pval","b_W_Med","se_W_Med","pval_W_Med","b_W_Mod","se_W_Mod","pval_W_Mod","nsnps"
"met-d-bOHbutyrate",0.000302948141331174,0.00160954432409467,0.850704336835713,0.0028718038948082,0.00928675201113991,0.772579979739446,-9.0171435942983e-05,0.792037924933253,0.410625078353262,0.292983572227897,0.000517023813537849,0.00210005863094219,0.805531330528305,0.00139881846010347,0.00295283602041316,0.655662029703967,6
