"GWAS_ID","b_IVW_MRE","se_IVW_MRE","pval_IVW_MRE","b_Egger","se_Egger","pval_Egger","Egger_intercept","pval_intercept","Het_IVW_pval","Het_Egger_pval","b_W_Med","se_W_Med","pval_W_Med","b_W_Mod","se_W_Mod","pval_W_Mod","nsnps"
"met-a-311",-0.0286251515848215,0.0216865875814496,0.186852631307851,-0.0588610497444599,0.0419062037555174,0.160457740503117,NA,NA,NA,0.00117856190885227,-0.0602231077462183,0.0398361594360587,0.130592402977945,-0.0762179725177887,0.0584677622445585,0.19267718310469,989
